"toy","Cluster 1","Cluster 2","Cluster 3","Cluster 4","Cluster 5","Cluster 6","weekend","temp"
"0.000000000",0.686048878205128,0.597717680840665,0.712028132387707,0.659575962695548,0.667669181034483,0.63137146577381,TRUE,1.10416666666667
"0.002739726",0.663532659151194,0.572038428641251,0.697767612293144,0.646531513237064,0.636335578304598,0.640719246031746,FALSE,-0.9375
"0.005479452",0.654842230327144,0.571026087487781,0.680607594562648,0.632539560770156,0.629197467672414,0.61978410218254,FALSE,-1.25
"0.008219178",0.666656553934571,0.572857526881721,0.67825401891253,0.632074308062575,0.637073904454023,0.631173053075397,FALSE,-0.333333333333333
"0.010958904",0.655503785366932,0.559854960899316,0.675288652482269,0.623871013838748,0.63063290229885,0.62419388640873,FALSE,-4.90625
"0.013698630",0.642663793103448,0.558612903225806,0.675987884160757,0.630866952466907,0.628285021551724,0.664729600694445,FALSE,-5.54166666666667
"0.016438356",0.701972701149425,0.658683223362659,0.753103191489362,0.66857333032491,0.718426364942529,0.724183531746032,TRUE,-2.76041666666667
"0.019178082",0.710398099027409,0.676143450635386,0.763011288416076,0.702645532490975,0.720432381465517,0.716199156746032,TRUE,2.1875
"0.021917808",0.653653901414677,0.560052724828934,0.699712322695035,0.624735559566787,0.653039331896552,0.648906746031746,FALSE,2.33333333333333
"0.024657534",0.659891025641026,0.546922653958944,0.69239609929078,0.610811296630565,0.620897988505747,0.639035652281746,FALSE,2.54166666666667
"0.027397260",0.616874723695844,0.516038000977517,0.646439923167849,0.583444569795427,0.579650862068966,0.609384362599206,FALSE,2.70833333333333
"0.030136986",0.58115649867374,0.493613697458456,0.62611926713948,0.556913583032491,0.560531519396552,0.573422309027778,FALSE,2.83333333333333
"0.032876712",0.579003370910699,0.503446297653959,0.610462854609929,0.541374548736462,0.550363775143678,0.576367435515873,FALSE,8.6875
"0.035616438",0.613108698054819,0.527543499511241,0.635996010638298,0.559916817087846,0.578940104166667,0.57243855406746,TRUE,7.20833333333333
"0.038356164",0.624253094606543,0.551565921309873,0.646156205673759,0.565935770156438,0.579868085488506,0.565997829861111,TRUE,6.02083333333333
"0.041095890",0.568942887931035,0.485604227761486,0.5985625,0.542913959085439,0.527105783045977,0.536891555059524,FALSE,7.0625
"0.043835616",0.583914677276747,0.486417949657869,0.603825650118203,0.556195998796631,0.544602191091954,0.525833519345238,FALSE,5.02083333333333
"0.046575342",0.566719772325376,0.489616080156403,0.584263327423168,0.539317087845969,0.509377514367816,0.519212487599206,FALSE,5.1875
"0.049315068",0.57723966622458,0.490102211632454,0.599116341607565,0.539238793622142,0.522185434626437,0.541928819444444,FALSE,6.33333333333333
"0.052054795",0.554451840185676,0.467414406158358,0.579764125295508,0.52232964801444,0.508053340517241,0.519590835813492,FALSE,5.47916666666667
"0.054794521",0.61543893678161,0.563310789345064,0.646388031914893,0.572640643802647,0.57444836566092,0.592363715277778,TRUE,0.197916666666667
"0.057534247",0.634169098143236,0.592714931573803,0.650899852245863,0.579592885078219,0.604338002873563,0.588679935515873,TRUE,-0.395833333333333
"0.060273973",0.5825324933687,0.50135318914956,0.594047695035461,0.561434341155235,0.515925107758621,0.551383928571429,FALSE,2.16666666666667
"0.063013699",0.575009891688771,0.485051075268817,0.589451447990544,0.541473375451264,0.527067618534483,0.546962053571429,FALSE,2.70833333333333
"0.065753425",0.576625552608311,0.488044477028348,0.584793055555555,0.536502858002407,0.51341558908046,0.546058407738095,FALSE,6.14583333333333
"0.068493151",0.560140915119363,0.488775782013685,0.582041430260048,0.529381242478941,0.519236979166667,0.529879836309524,FALSE,5.08333333333333
"0.071232877",0.551751602564103,0.482721529814272,0.573108451536643,0.526007821901324,0.514046515804598,0.523164930555556,FALSE,3.64583333333333
"0.073972603",0.610037964190981,0.545890640273705,0.630836524822695,0.557871389891697,0.580828573994253,0.573928881448413,TRUE,-0.0416666666666667
"0.076712329",0.626091760610079,0.573320747800587,0.647439036643026,0.59661198856799,0.601543821839081,0.591606274801587,TRUE,0.0208333333333333
"0.079452055",0.576079078249337,0.499433101173021,0.603915839243499,0.568249623947052,0.539798042385057,0.561470796130952,FALSE,2.5
"0.082191781",0.572495662024757,0.483785251710655,0.579544001182033,0.541458859807461,0.524277568247127,0.518366257440476,FALSE,6.125
"0.084931507",0.561307277851459,0.483468536168133,0.577216962174941,0.537576865222623,0.511865391522989,0.542407490079365,FALSE,4.20833333333333
"0.087671233",0.572684211980548,0.472304191104595,0.586512795508274,0.535591681708785,0.519997395833333,0.553690166170635,FALSE,5.89583333333333
"0.090410959",0.552173712422635,0.468127016129032,0.572542848699764,0.53040944645006,0.502266343390805,0.51292578125,FALSE,5.58333333333333
"0.093150685",0.609698524535809,0.528836021505377,0.632448729314421,0.544017599277978,0.56812805316092,0.569807911706349,TRUE,4.41666666666667
"0.095890411",0.616932885720601,0.569368585043988,0.642912765957447,0.589078143802647,0.601129400143678,0.561799665178571,TRUE,3.39583333333333
"0.098630137",0.576945015473033,0.495058651026393,0.581426063829787,0.543619133574007,0.541040229885057,0.54560298859127,FALSE,3.5
"0.101369863",0.560595076259947,0.49108791544477,0.574801004728132,0.540794449458484,0.531816810344828,0.529084697420635,FALSE,3.1875
"0.104109589",0.558512433687003,0.486550036656891,0.56700596926714,0.54850857400722,0.536565014367816,0.543344370039683,FALSE,0.958333333333333
"0.106849315",0.551084051724138,0.479347140762463,0.566726093380615,0.533642749699158,0.521867367097701,0.52483345734127,FALSE,-0.0833333333333333
"0.109589041",0.545790174624226,0.479241691104594,0.573930703309693,0.530583333333333,0.536766792385057,0.530152281746032,FALSE,2.29166666666667
"0.112328767",0.596149895004421,0.537216458944281,0.609235490543735,0.542652301444043,0.592334859913793,0.560027591765873,TRUE,2.625
"0.115068493",0.595084770114943,0.522561155913978,0.616198197399527,0.553757671480144,0.568974048132184,0.562230716765873,TRUE,2.58333333333333
"0.117808219",0.570355133731211,0.472648277126099,0.575838770685579,0.531990222623345,0.530170797413793,0.533958271329365,FALSE,4.5
"0.120547945",0.573414318081344,0.482891434506354,0.584718557919622,0.537052346570397,0.533597611350575,0.537323536706349,FALSE,2
"0.123287671",0.559965765915119,0.468859848484849,0.572488386524823,0.521468185920578,0.535714888649425,0.532582961309524,FALSE,1.58333333333333
"0.126027397",0.564693551061008,0.473458150048876,0.573999852245863,0.516210439229844,0.516770653735632,0.529280071924603,FALSE,-0.416666666666667
"0.128767123",0.559814876215738,0.472536107038123,0.568534899527187,0.521737740673887,0.528552532327586,0.544921688988095,FALSE,0.604166666666667
"0.131506849",0.592397988505747,0.537712732160313,0.625105348699763,0.560630866425993,0.578911637931035,0.557864459325397,TRUE,0.479166666666667
"0.134246575",0.613463804155614,0.556305290811339,0.641110342789598,0.590455550541516,0.570188667385057,0.577054873511905,TRUE,-0.625
"0.136986301",0.565301254420866,0.483541483382209,0.584937825059102,0.545409220818291,0.530168552442529,0.555971168154762,FALSE,0.0833333333333333
"0.139726027",0.576393070291777,0.486851173020528,0.593119444444444,0.541297081829122,0.54090149066092,0.561176649305556,FALSE,1.9375
"0.142465753",0.560808438328912,0.458804313294233,0.590174408983451,0.529745261732852,0.521356950431034,0.55952486359127,FALSE,4.08333333333333
"0.145205479",0.552712754199823,0.452560056207233,0.570723345153664,0.522868757521059,0.513705549568966,0.559824714781746,FALSE,1.52083333333333
"0.147945205",0.53826942418214,0.455848545943304,0.573271572104019,0.519298435619735,0.526391971982759,0.541366071428571,FALSE,2.58333333333333
"0.150684932",0.582868230548187,0.501118951612903,0.614455407801418,0.544080550541516,0.537230872844828,0.55236042906746,TRUE,3.08333333333333
"0.153424658",0.59899632515473,0.530841764418377,0.621548108747045,0.553867554151625,0.564688577586207,0.553036086309524,TRUE,1.46875
"0.156164384",0.538129531388152,0.452663978494624,0.559665721040189,0.512567915162455,0.493920977011494,0.513473958333333,FALSE,2.54166666666667
"0.158904110",0.542950707338638,0.45775727028348,0.559930821513002,0.508917268351384,0.495317887931034,0.531573288690476,FALSE,1.89583333333333
"0.161643836",0.539215434350133,0.448606366080156,0.565838504728132,0.510089951865223,0.515015355603448,0.517430555555556,FALSE,4.14583333333333
"0.164383562",0.518449988947834,0.432329423264907,0.548393882978723,0.495057084837545,0.482576867816092,0.504759486607143,FALSE,1.375
"0.167123288",0.516318799734748,0.447020283479961,0.547012145390071,0.498843712394705,0.477843570402299,0.509359499007937,FALSE,2.8125
"0.169863014",0.576204934792219,0.513983565493646,0.60922018321513,0.534401774969916,0.536720994971264,0.536353546626984,TRUE,4.10416666666667
"0.172602740",0.581103779840849,0.515423875855327,0.596378368794326,0.545594238868833,0.545722431752874,0.520986235119048,TRUE,2.17708333333333
"0.175342466",0.532263621794872,0.454087060117302,0.553684426713948,0.509743080625752,0.492967313218391,0.512213293650794,FALSE,-0.270833333333333
"0.178082192",0.529909013041556,0.432162512218964,0.54277786643026,0.518212695547533,0.49561566091954,0.505537140376984,FALSE,1.375
"0.180821918",0.522716125110522,0.436529753176931,0.545626388888889,0.50902805354994,0.499580369971264,0.496608444940476,FALSE,1.91666666666667
"0.183561644",0.519164456233422,0.428447519550342,0.530388061465721,0.498275571600481,0.49428125,0.508225260416667,FALSE,1.97916666666667
"0.186301370",0.509905089522546,0.430540933528837,0.538717109929078,0.494725932611312,0.47964224137931,0.48010689484127,FALSE,6.14583333333333
"0.189041096",0.559590986958444,0.469198985826002,0.582645390070922,0.532235860409146,0.520817528735632,0.515276599702381,TRUE,5.75
"0.191780822",0.542470822281167,0.49741788856305,0.574634544917258,0.526413357400722,0.513596623563218,0.500838169642857,TRUE,5.69791666666667
"0.194520548",0.514162798408488,0.430692631964809,0.536328605200945,0.505616576413959,0.486698724856322,0.481121279761905,FALSE,5.16666666666667
"0.197260274",0.52131026193634,0.427482465786901,0.535714154846336,0.498818592057762,0.501772359913793,0.48775496031746,FALSE,5.3125
"0.200000000",0.529971678824049,0.491068059628543,0.538671187943262,0.50527166064982,0.529741020114943,0.494164124503968,FALSE,10.34375
"0.202739726",0.504270778072502,0.416427419354839,0.519801507092199,0.503427196149218,0.484055495689655,0.47859623015873,FALSE,10.8125
"0.205479452",0.508966373784262,0.418202712609971,0.52754896572104,0.500395382069796,0.477204382183908,0.467859685019841,FALSE,8.3125
"0.208219178",0.549640362511052,0.472129765395894,0.56798658392435,0.51870479843562,0.506267420977011,0.486527281746032,TRUE,6.6875
"0.210958904",0.553189019672856,0.496916544477028,0.573998492907801,0.51733190433213,0.51837194683908,0.482516121031746,TRUE,8.33333333333333
"0.213698630",0.500845601237842,0.414858687683284,0.514913475177305,0.486743757521059,0.466912176724138,0.466158048115079,FALSE,8.39583333333333
"0.216438356",0.516350712864721,0.419091947702835,0.526793528368794,0.491280761131167,0.480830459770115,0.48078410218254,FALSE,7.25
"0.219178082",0.490867705570292,0.40157410801564,0.512481353427896,0.489307310469314,0.458730423850575,0.457749007936508,FALSE,8.60416666666667
"0.221917808",0.499859278293546,0.412950085532747,0.520471985815603,0.474726609506619,0.456939475574713,0.466209201388889,FALSE,8.27083333333333
"0.224657534",0.489139699381079,0.397682978983382,0.521221542553191,0.461328369434416,0.464849766522989,0.455323288690476,FALSE,8.58333333333333
"0.227397260",0.530296363837312,0.461060789345063,0.560669473995272,0.49073277677497,0.507932650862069,0.474369605654762,TRUE,7.39583333333333
"0.232876712",0.513731432360743,0.43857850684262,0.54400585106383,0.504881242478941,0.510968660201149,0.479297557043651,FALSE,5.9375
"0.235616438",0.541266909814324,0.452874694525904,0.5707036643026,0.510983303249097,0.52331088362069,0.506838851686508,FALSE,1.8125
"0.238356164",0.52386640694076,0.421255742913001,0.546211908983452,0.51206896811071,0.514257004310345,0.498674231150794,FALSE,2.64583333333333
"0.241095890",0.490326094164456,0.400847201857282,0.521039361702128,0.486023465703971,0.495175826149425,0.480711433531746,FALSE,3.19791666666667
"0.243835616",0.522625469717065,0.459148216031281,0.567306796690307,0.508989921780987,0.563786099137931,0.488400607638889,FALSE,5.04166666666667
"0.246575342",0.542157051282051,0.451658907624633,0.581010283687943,0.511147939229844,0.533115391522988,0.509900359623016,TRUE,4.66666666666667
"0.257534247",0.496323717948718,0.398389235092864,0.511030023640662,0.471247292418773,0.459299389367816,0.465141493055556,FALSE,7.35416666666667
"0.260273973",0.483138179708223,0.399497739491691,0.507744208037825,0.468780309867629,0.451995599856322,0.46312927827381,FALSE,8.89583333333333
"0.263013699",0.465513456012378,0.388401026392962,0.504698877068558,0.460172232250301,0.450089260057471,0.444576326884921,FALSE,9.77083333333333
"0.265753425",0.496004752431477,0.417666911045943,0.512550738770686,0.468358528880866,0.454669899425287,0.463431733630952,TRUE,7.9375
"0.268493151",0.502466401414677,0.429321175464321,0.523243587470449,0.479044675090253,0.450216145833333,0.45088566468254,TRUE,9.07291666666667
"0.271232877",0.459846734084881,0.384014846041056,0.481691430260047,0.454975932611312,0.42004211566092,0.423379588293651,FALSE,8.35416666666667
"0.273972603",0.455032963085765,0.373916055718475,0.476518557919622,0.454446525270758,0.390443157327586,0.420041666666667,FALSE,7.79166666666667
"0.276712329",0.462824132404951,0.376776515151515,0.478731353427896,0.461084611913357,0.403986170977011,0.431194382440476,FALSE,6.375
"0.279452055",0.450798822944297,0.371550586510264,0.474425502364066,0.455275195547533,0.412962913074713,0.426862599206349,FALSE,4.64583333333333
"0.282191781",0.453042910035367,0.361514968230694,0.474168439716312,0.444334311070999,0.408133530890805,0.407572420634921,FALSE,7.08333333333333
"0.284931507",0.491161499778957,0.418921737536657,0.514292346335697,0.459751654632972,0.433597880747126,0.448079985119048,TRUE,8.5
"0.287671233",0.50972341954023,0.438039406158358,0.535473374704492,0.48711642599278,0.449420079022988,0.448707651289683,TRUE,7.02083333333333
"0.290410959",0.464852702254642,0.385068059628543,0.475727423167849,0.458399894705175,0.421023078304598,0.423640004960317,FALSE,6.72916666666667
"0.293150685",0.463024977895668,0.37993169599218,0.48122018321513,0.449620412154031,0.41912347341954,0.425778025793651,FALSE,5.9375
"0.295890411",0.462651746242264,0.384361131476051,0.477105466903073,0.457460740072202,0.413740122126437,0.43055431547619,FALSE,4.33333333333333
"0.298630137",0.452891965075155,0.373084005376344,0.467067287234043,0.445260228640193,0.404251975574713,0.42766443452381,FALSE,5.77083333333333
"0.301369863",0.446123452696729,0.364172837243402,0.469315750591017,0.434860258724428,0.405036188936782,0.432580915178571,FALSE,10.25
"0.304109589",0.505884173297966,0.45561339198436,0.535472724586288,0.474462018652226,0.460400323275862,0.453153831845238,TRUE,8.02083333333333
"0.306849315",0.515550453138815,0.438054068914956,0.531074172576832,0.472927797833935,0.488269486350575,0.437782924107143,TRUE,12.2604166666667
"0.309589041",0.463354636383731,0.376109787390029,0.478578546099291,0.453685694945848,0.423065822557471,0.415291418650794,FALSE,12.7291666666667
"0.312328767",0.478633012820513,0.382679985337243,0.497322576832151,0.458277827918171,0.425326418821839,0.438865327380952,FALSE,11.7708333333333
"0.315068493",0.46146209106985,0.367295882209189,0.484581826241135,0.455870562575211,0.411745689655172,0.434587735615079,FALSE,14.1875
"0.317808219",0.451941036693192,0.3728386485826,0.476386229314421,0.460907566185319,0.400312769396552,0.431038194444444,FALSE,11.1041666666667
"0.328767123",0.500896026746242,0.427707600195503,0.515425029550827,0.474667268351384,0.460141792385057,0.44591443452381,FALSE,6.41666666666667
"0.331506849",0.47104774535809,0.388474034701857,0.487080289598109,0.467854843561974,0.426735721982759,0.447826078869048,FALSE,8.1875
"0.334246575",0.466043904730327,0.374863453079179,0.496318410165485,0.46129317087846,0.414695132902299,0.435786520337301,FALSE,11.0833333333333
"0.336986301",0.462226652298851,0.358257209188661,0.482415425531915,0.458185770156438,0.410890894396552,0.432722346230159,FALSE,10.7604166666667
"0.339726027",0.45988041556145,0.359546370967742,0.480682358156028,0.456141320697954,0.41010775862069,0.429572916666667,FALSE,8.8125
"0.342465753",0.480800149204244,0.39844477028348,0.508521897163121,0.468907566185319,0.437642600574713,0.441966331845238,TRUE,8.85416666666667
"0.345205479",0.504914014146773,0.444180840664712,0.521109958628842,0.466355370036101,0.467335847701149,0.447598338293651,TRUE,7.8125
"0.347945205",0.470023402961981,0.373623594819159,0.485028723404255,0.448871615523466,0.418191271551724,0.438627046130952,FALSE,6.77083333333333
"0.350684932",0.463943108974359,0.381612903225806,0.489625650118203,0.453119359205776,0.409099048132184,0.443020647321429,FALSE,4.89583333333333
"0.353424658",0.459596651193634,0.373102944770283,0.473127098108747,0.45648052045728,0.419373293821839,0.432353732638889,FALSE,5.1875
"0.356164384",0.451316893236074,0.372866813294233,0.479216341607565,0.44938583032491,0.414740391522989,0.425373325892857,FALSE,7.8125
"0.358904110",0.446103254862953,0.368547043010753,0.4681875,0.436090252707581,0.397590068247126,0.416357886904762,FALSE,9.39583333333333
"0.361643836",0.490880360300619,0.402945136852395,0.506937293144208,0.456071450060168,0.435593660201149,0.441291604662698,TRUE,9.45833333333333
"0.364383562",0.495949878426172,0.420636791300098,0.521773315602837,0.465811973525872,0.447027837643678,0.4384921875,TRUE,9.91666666666667
"0.367123288",0.45128149867374,0.368948863636364,0.465208156028369,0.445043396510229,0.41409689295977,0.411144407242064,FALSE,10.09375
"0.369863014",0.462564765694076,0.385328445747801,0.485523374704492,0.441172006618532,0.422242636494253,0.42870597718254,FALSE,12.0208333333333
"0.372602740",0.455609167771883,0.368371884164223,0.472613091016548,0.429842057761733,0.409537805316092,0.415420386904762,FALSE,14.2083333333333
"0.375342466",0.437181614721485,0.363454850928641,0.458742789598109,0.422882370637786,0.385114493534483,0.408349020337302,FALSE,16.5416666666667
"0.378082192",0.432485190097259,0.361812316715542,0.462164864066194,0.430217809867629,0.373706627155172,0.418167286706349,FALSE,13.6666666666667
"0.380821918",0.462459991158267,0.395364308406647,0.48030079787234,0.43883190433213,0.409433548850575,0.418974640376984,TRUE,15.5625
"0.391780822",0.427903597480106,0.35750946969697,0.461329609929078,0.422652376654633,0.365525413074713,0.410688864087302,FALSE,9.625
"0.394520548",0.436311118479222,0.352358198924731,0.469727157210402,0.432728865824308,0.385586476293103,0.419500682043651,FALSE,9.125
"0.397260274",0.429633427276746,0.35076093597263,0.465050886524823,0.426197803850782,0.377817528735632,0.410846974206349,FALSE,9.97916666666667
"0.400000000",0.4854566755084,0.412997739491691,0.502192641843972,0.452158919975933,0.419154992816092,0.434028211805556,TRUE,10.7291666666667
"0.402739726",0.492846098585323,0.416299853372434,0.505949674940898,0.454124172683514,0.420361709770115,0.439024367559524,TRUE,11.28125
"0.405479452",0.453989832007073,0.385866385630498,0.486561643026005,0.449854617930205,0.410140265804598,0.426772879464286,FALSE,11.6666666666667
"0.408219178",0.438580791335102,0.348224401270772,0.471276270685579,0.433477286401925,0.391766612787356,0.408185515873016,FALSE,13.3541666666667
"0.410958904",0.434913102343059,0.348793132942327,0.464621365248227,0.430008348375451,0.380280262212644,0.415625310019841,FALSE,13.8333333333333
"0.413698630",0.430157217064545,0.351680351906158,0.456079757683215,0.425679076413959,0.383304597701149,0.411744729662698,FALSE,14.1041666666667
"0.416438356",0.418610383510168,0.342626282991202,0.462251329787234,0.420356799037304,0.375534482758621,0.398714223710317,FALSE,15.96875
"0.419178082",0.452912328691424,0.375109970674487,0.482399822695035,0.41871126654633,0.415523168103448,0.419685887896825,TRUE,16.2291666666667
"0.421917808",0.455489224137931,0.359504093352884,0.487080289598109,0.42401067990373,0.415856142241379,0.416375558035714,TRUE,13.1666666666667
"0.424657534",0.479747734305924,0.41237206744868,0.495620212765957,0.445869359205776,0.445315193965517,0.429150235615079,FALSE,12.6458333333333
"0.427397260",0.467978033819629,0.3730727028348,0.487468823877069,0.436753234055355,0.417206986350575,0.422087921626984,FALSE,12.8958333333333
"0.430136986",0.465292661361627,0.37948038856305,0.485900975177305,0.430114996991576,0.413722701149425,0.430274057539683,FALSE,13.2916666666667
"0.432876712",0.437631354995579,0.35621658113392,0.465994680851064,0.424717433814681,0.40041711566092,0.422897259424603,FALSE,12.2708333333333
"0.435616438",0.431323524535809,0.359996945259042,0.463422901891253,0.423877406738869,0.410234015804598,0.417183469742064,FALSE,12.1041666666667
"0.438356164",0.470927856984969,0.404375366568915,0.489379787234043,0.443095592659446,0.40641244612069,0.426233444940476,TRUE,13.625
"0.441095890",0.499390832228117,0.433875488758553,0.503925650118203,0.445385228640193,0.420381734913793,0.441541790674603,TRUE,12.2916666666667
"0.443835616",0.446631879973475,0.360954056695992,0.474197458628842,0.434042193140794,0.395310614224138,0.423590091765873,FALSE,12
"0.446575342",0.438268070291777,0.345675403225806,0.465621956264775,0.424771209386282,0.386134698275862,0.401748697916667,FALSE,12.75
"0.449315068",0.445168490274094,0.349984543010753,0.46638554964539,0.418809566787004,0.397214529454023,0.401049417162698,FALSE,15.1875
"0.452054795",0.434085571396994,0.343866141251222,0.458105496453901,0.414385905535499,0.374026311063218,0.406130208333333,FALSE,15.875
"0.454794521",0.438496214633068,0.346511302541544,0.462079343971631,0.425347623345367,0.389485362787356,0.405103484623016,FALSE,14.7291666666667
"0.457534247",0.448892269009726,0.366850439882698,0.464741341607565,0.41636206377858,0.417205908764368,0.419534164186508,TRUE,11.7916666666667
"0.460273973",0.44031791556145,0.37264534457478,0.468684338061466,0.416215929602888,0.408528286637931,0.419061941964286,TRUE,12.8541666666667
"0.463013699",0.435429321396994,0.340939882697947,0.455606323877069,0.417810920577617,0.398905531609195,0.40641300843254,FALSE,16.6666666666667
"0.465753425",0.4337270943855,0.339942143206256,0.463763859338061,0.417652903128761,0.39776095545977,0.402122085813492,FALSE,16.9375
"0.468493151",0.435460377984085,0.346951429618768,0.464932742316785,0.412989620938628,0.411378861350575,0.414249503968254,FALSE,17.1666666666667
"0.471232877",0.423799790008842,0.34099199657869,0.461284869976359,0.41634920276775,0.392952945402299,0.39388423859127,FALSE,15.8958333333333
"0.473972603",0.428076950707339,0.352825268817204,0.46508096926714,0.401487214199759,0.409877693965517,0.406007192460317,FALSE,15.625
"0.476712329",0.450110217727675,0.388107465786901,0.472329669030733,0.415427196149218,0.41950628591954,0.416313678075397,TRUE,16.5208333333333
"0.479452055",0.453875911803714,0.386356182795699,0.485457830969267,0.42346337244284,0.426378951149425,0.415353608630952,TRUE,18.3333333333333
"0.482191781",0.440878812997347,0.371511424731183,0.477056737588652,0.440347322503009,0.401189206178161,0.423789620535714,FALSE,16.3333333333333
"0.484931507",0.434515334880636,0.342836815738025,0.473183894799054,0.430662154031288,0.387283764367816,0.405561693948413,FALSE,16.0625
"0.487671233",0.437915008841733,0.356653103616813,0.475150325059102,0.430946374849579,0.397188936781609,0.411333581349206,FALSE,16.75
"0.490410959",0.437504697170645,0.350052419354839,0.465559278959811,0.431520607701564,0.389339798850575,0.404907738095238,FALSE,18.1458333333333
"0.493150685",0.434601375994695,0.345675708699902,0.465701359338062,0.427292644404332,0.395783315373563,0.412563864087302,FALSE,16.6666666666667
"0.495890411",0.454184433023873,0.377808651026393,0.473085638297872,0.439658167870036,0.431828753591954,0.436703373015873,TRUE,15.7916666666667
"0.498630137",0.454256603669319,0.379448130498534,0.472619089834515,0.443087620336943,0.423899245689655,0.427027777777778,TRUE,17.1041666666667
"0.501369863",0.436015528293546,0.345659213098729,0.456648079196217,0.433178474729242,0.389735362787356,0.415948722718254,FALSE,14.2083333333333
"0.504109589",0.446250055260831,0.368282196969697,0.47120011820331,0.43708190433213,0.407160470545977,0.425634300595238,FALSE,14.3333333333333
"0.506849315",0.429219164456233,0.35245497311828,0.463649468085106,0.424485258724428,0.386609195402299,0.412348648313492,FALSE,16.6666666666667
"0.509589041",0.4408858311229,0.361655180840665,0.470012825059102,0.433691410950662,0.392768318965517,0.424999069940476,FALSE,14.8333333333333
"0.512328767",0.443392628205128,0.367366080156403,0.477705673758865,0.428402827918171,0.396170707614943,0.414068824404762,FALSE,15.3541666666667
"0.515068493",0.477157217064545,0.409620967741935,0.501846365248227,0.460862590252708,0.443649425287356,0.454114459325397,TRUE,17.5625
"0.517808219",0.47303050397878,0.403739980449658,0.489234929078014,0.450446826113117,0.422867097701149,0.429767609126984,TRUE,15
"0.520547945",0.430232592838196,0.370858321114369,0.460558510638298,0.422114921780987,0.388926724137931,0.415955171130952,FALSE,14.125
"0.523287671",0.452006631299735,0.371724645650049,0.485225059101655,0.440026474127557,0.390794989224138,0.430177393353175,FALSE,13.3958333333333
"0.526027397",0.445352923297966,0.368754154447703,0.473188268321513,0.427190057160048,0.39060470545977,0.422316716269841,FALSE,15.4791666666667
"0.528767123",0.450734084880637,0.370759775171065,0.477917523640662,0.434565057160048,0.403244971264368,0.429787822420635,FALSE,15.125
"0.531506849",0.442315760389036,0.36160031769306,0.463928309692671,0.409822202166065,0.397646372126437,0.424424417162698,FALSE,13.6875
"0.534246575",0.460871214633068,0.379783357771261,0.487435283687943,0.436123044524669,0.40494836566092,0.430624565972222,TRUE,14.1875
"0.536986301",0.47534767351901,0.396472446236559,0.497178161938534,0.44480603188929,0.420113326149425,0.443260540674603,TRUE,17.375
"0.539726027",0.449773817418214,0.35358644916911,0.471196394799054,0.439326489169675,0.391986889367816,0.41926915922619,FALSE,17.7083333333333
"0.542465753",0.443908267020336,0.350413062072336,0.469429787234043,0.434986612515042,0.384365840517241,0.41859337797619,FALSE,15.8958333333333
"0.545205479",0.447313964412025,0.355580461876833,0.476265543735225,0.426539335138387,0.401711566091954,0.429873697916667,FALSE,14.9375
"0.547945205",0.440512709991158,0.349872434017595,0.463827630023641,0.429141771961492,0.389788972701149,0.419985739087302,FALSE,13.7916666666667
"0.550684932",0.422605603448276,0.349851600684262,0.454211495271868,0.419351609506619,0.398112068965517,0.405047433035714,FALSE,14.7291666666667
"0.553424658",0.454871684350133,0.389200268817204,0.476178309692671,0.423976835138387,0.40933126795977,0.427251674107143,TRUE,16.7083333333333
"0.556164384",0.46303125,0.400240652492669,0.482530112293144,0.443521058965102,0.4200390625,0.435765562996032,TRUE,16.8020833333333
"0.558904110",0.448857841511936,0.355362353372434,0.467425384160757,0.434735634777377,0.401892780172414,0.405388950892857,FALSE,19.40625
"0.561643836",0.444518457117595,0.354369623655914,0.4653125,0.426394103489771,0.390528825431035,0.415322482638889,FALSE,16.8958333333333
"0.564383562",0.449015196728559,0.354113880742913,0.45538543144208,0.433251278580024,0.387915499281609,0.408421006944444,FALSE,15.4375
"0.567123288",0.439032189434129,0.355182673509287,0.460268557919622,0.425906362815885,0.386583692528736,0.407846850198413,FALSE,15.0416666666667
"0.569863014",0.443972010389036,0.362102761485826,0.461562115839243,0.426250601684717,0.39515463362069,0.418400235615079,FALSE,16.5208333333333
"0.572602740",0.460147877984085,0.383276331867058,0.488787145390071,0.448591681708785,0.401405890804598,0.423828807043651,TRUE,14.8229166666667
"0.575342466",0.455796419098143,0.389230205278592,0.488032742316785,0.440444193742479,0.392790409482759,0.435350942460317,TRUE,14.4166666666667
"0.578082192",0.4661370744916,0.398635080645161,0.484611554373522,0.450917117930205,0.405457165948276,0.422882068452381,FALSE,13.1145833333333
"0.580821918",0.453727702254642,0.356979533235582,0.475926566193853,0.451722548134777,0.412876706178161,0.413563678075397,FALSE,14.8541666666667
"0.583561644",0.444377265694076,0.36424126344086,0.475540543735225,0.436662003610108,0.403380836925287,0.416845610119048,FALSE,13.7708333333333
"0.586301370",0.441631741821397,0.3648386485826,0.47929713356974,0.433668622141998,0.390773886494253,0.421232452876984,FALSE,14.8541666666667
"0.589041096",0.435766882183908,0.361359298631476,0.471711406619385,0.437474879663057,0.406608926005747,0.419243551587302,FALSE,15.5416666666667
"0.591780822",0.455030227674624,0.392820442326491,0.486078339243499,0.452833558965102,0.404100574712644,0.424227120535714,TRUE,15.25
"0.594520548",0.448158018346596,0.397738941837732,0.48737695035461,0.437894629963899,0.425442349137931,0.424981398809524,TRUE,15.25
"0.597260274",0.444930012157383,0.369929007820137,0.473474261229314,0.458124247894104,0.400710668103448,0.42332775297619,FALSE,15.8541666666667
"0.600000000",0.443949436339523,0.358216886608016,0.466220271867612,0.437128083634176,0.38660784841954,0.414692336309524,FALSE,14.25
"0.602739726",0.444607924403183,0.357566532258065,0.469291223404255,0.439021811070999,0.385792564655172,0.410844308035714,FALSE,13.3958333333333
"0.605479452",0.442986212422635,0.359345552297165,0.464611022458629,0.432749849578821,0.383062320402299,0.410646825396825,FALSE,13.75
"0.608219178",0.437438356542882,0.358192448680352,0.479236229314421,0.431119208784597,0.378280711206897,0.414024553571429,FALSE,13.875
"0.610958904",0.449369169982317,0.392404325513196,0.504307712765957,0.444216230445247,0.393210039511494,0.438677579365079,TRUE,13.1041666666667
"0.613698630",0.442146634615385,0.390434506353861,0.485901773049645,0.448418622141998,0.397461566091954,0.417189298115079,TRUE,15.1875
"0.616438356",0.46669490495137,0.390566776637341,0.49607798463357,0.45978234055355,0.406837733477011,0.44223865327381,FALSE,14.6666666666667
"0.619178082",0.449639727011494,0.367969147116325,0.490817937352246,0.441197352587244,0.396524784482759,0.419250062003968,FALSE,15.2708333333333
"0.621917808",0.454848944518126,0.372421615347019,0.486134426713948,0.441182761732852,0.40606402658046,0.422014446924603,FALSE,14.0208333333333
"0.624657534",0.467288599690539,0.389808773216031,0.486501713947991,0.456379587845969,0.411541217672414,0.431198784722222,FALSE,14.1666666666667
"0.627397260",0.438779979000884,0.369466458944282,0.471553930260047,0.436783318291215,0.397552532327586,0.426596664186508,FALSE,18.5208333333333
"0.630136986",0.469095573607427,0.394346163245357,0.505698552009456,0.442603038507822,0.424144665948276,0.444715525793651,TRUE,15.6666666666667
"0.632876712",0.468560980327144,0.406463831867058,0.507704994089834,0.455155685920578,0.42426409841954,0.431862847222222,TRUE,15.6041666666667
"0.635616438",0.453589660698497,0.379486314760508,0.486485047281324,0.453244058363418,0.414453484195402,0.428974826388889,FALSE,13.3333333333333
"0.638356164",0.45863016688771,0.368699169110459,0.488406678486998,0.453245036101083,0.413646551724138,0.432029017857143,FALSE,12.8333333333333
"0.641095890",0.457176945181256,0.375220735581623,0.483161879432624,0.443356874247894,0.407748293821839,0.434358630952381,FALSE,10.7708333333333
"0.643835616",0.448119225243148,0.365929191104594,0.473048906619385,0.429252707581227,0.402413703304598,0.423635168650794,FALSE,12.9791666666667
"0.646575342",0.443115771441202,0.375440554740958,0.475642021276596,0.421029858604091,0.413601203304598,0.425661024305556,FALSE,12.1875
"0.649315068",0.477781194739169,0.413622311827957,0.502015721040189,0.428192012635379,0.442633620689655,0.435655071924603,TRUE,12.8125
"0.652054795",0.483052387267904,0.424646871945259,0.509468912529551,0.444477812876053,0.440594917385057,0.449946924603175,TRUE,13.0625
"0.654794521",0.473076121794872,0.381222507331378,0.478913209219858,0.449136356799037,0.413272629310345,0.421560825892857,FALSE,9.66666666666667
"0.657534247",0.466115799071618,0.378125488758553,0.489251773049645,0.448335364019254,0.407802981321839,0.427916604662698,FALSE,11.1666666666667
"0.660273973",0.455479774535809,0.384138501955034,0.471378339243499,0.444633874849579,0.411363595545977,0.410856274801587,FALSE,12.4166666666667
"0.663013699",0.452976597038019,0.380904325513196,0.469926507092199,0.439797081829122,0.39133899066092,0.414031684027778,FALSE,13.9375
"0.665753425",0.456853420645447,0.375371578690127,0.46692018321513,0.432843185920578,0.393769216954023,0.420365451388889,FALSE,13.8541666666667
"0.668493151",0.502020529398762,0.427817082111437,0.506419473995272,0.452696675691937,0.435320851293103,0.446201822916667,TRUE,15.0208333333333
"0.671232877",0.525553243810787,0.474335593841642,0.539958953900709,0.483453294223827,0.456745869252874,0.453620845734127,TRUE,14.9791666666667
"0.673972603",0.49357750331565,0.412290444770283,0.507637795508274,0.466507220216607,0.43098284841954,0.443707155257937,FALSE,14.4270833333333
"0.676712329",0.480139588859416,0.393448802541545,0.500109042553192,0.4477456377858,0.420325431034483,0.444664992559524,FALSE,13.9583333333333
"0.679452055",0.472538268125553,0.386692143206256,0.4861606678487,0.449783318291215,0.403452316810345,0.434903521825397,FALSE,14.5
"0.682191781",0.467440124889478,0.400200146627566,0.487435017730496,0.455466982551143,0.405422503591954,0.443054253472222,FALSE,15.1666666666667
"0.684931507",0.468271082007073,0.384721713098729,0.489109722222222,0.443140267749699,0.39827029454023,0.422732204861111,FALSE,17.7708333333333
"0.687671233",0.516398347701149,0.450166300097752,0.52722018321513,0.467516771961492,0.440618444683908,0.44275886656746,TRUE,14.5625
"0.690410959",0.5207079188771,0.468120051319648,0.544831501182033,0.478537229241877,0.448850754310345,0.461240513392857,TRUE,12.8125
"0.693150685",0.488829713748895,0.412163062072336,0.50123164893617,0.470012033694344,0.421516522988506,0.431744357638889,FALSE,16.1666666666667
"0.695890411",0.481408322281167,0.415215481427175,0.499345774231678,0.460067764741276,0.411360362787356,0.443206907242064,FALSE,14.7916666666667
"0.698630137",0.472840130415561,0.395914772727273,0.485340514184397,0.443826263537906,0.411718211206897,0.449523313492064,FALSE,12.0416666666667
"0.701369863",0.466236461096375,0.389916361192571,0.482391430260047,0.45451729843562,0.412345905172414,0.429535404265873,FALSE,11.8958333333333
"0.704109589",0.463890555923961,0.391447763929619,0.476510224586288,0.440856347773767,0.415480872844828,0.438236049107143,FALSE,9.5
"0.706849315",0.524025779177719,0.451640579178886,0.54207901891253,0.47832754211793,0.457290858477012,0.456073474702381,TRUE,10.3958333333333
"0.709589041",0.544574767904509,0.467674670087977,0.572080644208038,0.485273315282792,0.462540768678161,0.460881572420635,TRUE,14.3125
"0.712328767",0.479975547082228,0.393132453567937,0.500904343971631,0.460340403128761,0.405245959051724,0.437583209325397,FALSE,15.6458333333333
"0.715068493",0.476865274093722,0.403463526392962,0.491064243498818,0.459212770758123,0.397375538793103,0.435307043650794,FALSE,15.6875
"0.717808219",0.480801226790451,0.40169623655914,0.496003368794326,0.453517975330927,0.41047494612069,0.433677083333333,FALSE,16.0208333333333
"0.720547945",0.478102785145889,0.395242607526882,0.491369030732861,0.441377406738869,0.413727550287356,0.433465153769841,FALSE,13.4375
"0.723287671",0.462867014809903,0.393978433528837,0.487938711583924,0.44412725631769,0.402393318965517,0.432038504464286,FALSE,10.3541666666667
"0.726027397",0.51255758178603,0.467092253176931,0.525909869976359,0.474606799037304,0.434831896551724,0.448026351686508,TRUE,7.22916666666667
"0.728767123",0.5253341622458,0.4658488514174,0.539700443262411,0.492905761131167,0.452560793821839,0.452547433035714,TRUE,9.25
"0.731506849",0.480844772325376,0.403390334799609,0.495320892434988,0.460661326714801,0.407959231321839,0.434954303075397,FALSE,9.77083333333333
"0.734246575",0.485452282272325,0.40614320625611,0.509860845153664,0.46229963898917,0.408769755747126,0.443965029761905,FALSE,13.3333333333333
"0.736986301",0.474716208001768,0.387100562072336,0.491477718676123,0.446108228038508,0.416164152298851,0.438659846230159,FALSE,12.3958333333333
"0.739726027",0.472366489832007,0.399617424242424,0.492016578014184,0.455892072803851,0.415488595545977,0.438004340277778,FALSE,11.4791666666667
"0.742465753",0.462636798187445,0.40168969941349,0.494464893617021,0.44656039410349,0.409476921695402,0.427314918154762,FALSE,13.2083333333333
"0.745205479",0.526848143236074,0.464574352394917,0.553875650118203,0.477425767148014,0.467777388649425,0.475779699900794,TRUE,12.2291666666667
"0.747945205",0.541948994252874,0.470883186705767,0.54878073286052,0.493621991576414,0.459527747844828,0.45078658234127,TRUE,12.5208333333333
"0.750684932",0.491806117374005,0.409797592864125,0.513955023640662,0.465476007821901,0.435838272270115,0.446699900793651,FALSE,12.125
"0.753424658",0.47359573938992,0.40044116568915,0.489068380614657,0.456617403730445,0.422886135057471,0.434990203373016,FALSE,12.8541666666667
"0.756164384",0.474121048850575,0.40303415200391,0.49442408392435,0.471634551744886,0.409583243534483,0.438428757440476,FALSE,11.8541666666667
"0.758904110",0.469214688328913,0.392326918377321,0.483709840425532,0.443902301444043,0.410518947557471,0.422225260416667,FALSE,13.5416666666667
"0.761643836",0.47111883841733,0.400592436461388,0.492339154846336,0.455723977135981,0.4221328125,0.436815786210317,FALSE,15.375
"0.764383562",0.526567003757737,0.456009286412512,0.547816134751773,0.465098074608905,0.446726472701149,0.464887586805556,TRUE,14.0416666666667
"0.767123288",0.541908819628647,0.466072580645161,0.564872576832151,0.495361913357401,0.465674658764368,0.473073598710318,TRUE,12.9166666666667
"0.769863014",0.477531940760389,0.401417521994135,0.495691193853428,0.459053173886883,0.414180226293103,0.432147941468254,FALSE,10.9479166666667
"0.772602740",0.477274729221928,0.401991080156403,0.499475354609929,0.465528429602888,0.416060704022988,0.433201450892857,FALSE,8.64583333333333
"0.775342466",0.501792495579133,0.426158296676442,0.518522576832151,0.471315734055355,0.422777209051724,0.448393973214286,FALSE,9.66666666666667
"0.778082192",0.491453912466844,0.414927480449658,0.509210638297872,0.466577316486161,0.426372844827586,0.442362413194444,FALSE,9.4375
"0.780821918",0.469589715959328,0.413145527859238,0.499323108747045,0.456576639590854,0.428445222701149,0.446616381448413,FALSE,10.3541666666667
"0.783561644",0.52033391357206,0.46108211143695,0.538177452718676,0.482351609506619,0.459512212643678,0.462271639384921,TRUE,7.4375
"0.786301370",0.543686560565871,0.482019122678397,0.559142021276596,0.50219396811071,0.478232668821839,0.47553621031746,TRUE,8.39583333333333
"0.789041096",0.504467534261715,0.423849156891496,0.518572635933806,0.489616651624549,0.451781519396552,0.451765500992064,FALSE,10.6666666666667
"0.791780822",0.492593197391689,0.425756598240469,0.513392494089835,0.474526699759326,0.447835488505747,0.448820002480159,FALSE,7.66666666666667
"0.794520548",0.48984866821397,0.420120601173021,0.516503102836879,0.473464951865223,0.43451867816092,0.445365513392857,FALSE,4.58333333333333
"0.797260274",0.485409455128205,0.417832294721407,0.507739775413712,0.475774443441637,0.432357040229885,0.439845610119048,FALSE,8.08333333333333
"0.800000000",0.507453608532272,0.424132575757576,0.523279787234043,0.461220442238267,0.439195492097701,0.46189986359127,FALSE,9.25
"0.802739726",0.530561726348364,0.460519550342131,0.552157151300236,0.481878835740072,0.488638020833333,0.472627604166667,TRUE,7.41666666666667
"0.805479452",0.53340307250221,0.454640212609971,0.564825088652482,0.498979693140794,0.468397090517241,0.485679935515873,TRUE,3.58333333333333
"0.808219178",0.543026221264368,0.462165383675464,0.558062470449172,0.502310694945848,0.511109644396552,0.470752170138889,FALSE,4.91666666666667
"0.810958904",0.521421778293545,0.431832600195503,0.543554491725768,0.485670577617329,0.448400502873563,0.460802393353175,FALSE,14.0625
"0.813698630",0.516790727232538,0.435331683773216,0.543934810874705,0.468375150421179,0.453468660201149,0.472721540178571,FALSE,11.40625
"0.816438356",0.518051447833776,0.431502993646139,0.538953812056738,0.473512635379061,0.453761673850575,0.472243861607143,FALSE,11.5625
"0.819178082",0.520063853890362,0.454844819159335,0.547332860520095,0.479405911552347,0.457485003591954,0.470036086309524,FALSE,10.8333333333333
"0.821917808",0.551134864058355,0.483046248778104,0.565133303782506,0.488339425391095,0.47573599137931,0.480081225198413,TRUE,7.70833333333333
"0.827397260",0.546061919761273,0.470403225806452,0.562296424349882,0.510080550541516,0.49041558908046,0.48111080109127,FALSE,8.70833333333333
"0.830136986",0.546771745137047,0.455807184750733,0.553466459810875,0.515559040312876,0.480439834770115,0.486382688492064,FALSE,11.125
"0.832876712",0.533966871131742,0.45247091886608,0.555249113475177,0.502478188929001,0.47616873204023,0.484071800595238,FALSE,10.2083333333333
"0.835616438",0.531075182360743,0.453400782013685,0.548812263593381,0.491842885078219,0.469691091954023,0.475688120039683,FALSE,14.9583333333333
"0.838356164",0.526692059018568,0.454775598729228,0.550646247044917,0.498040162454874,0.457825880028736,0.469345548115079,FALSE,10
"0.841095890",0.585412328691424,0.509423081622678,0.593285608747045,0.516249323104693,0.519986260775862,0.50018111359127,TRUE,4.95833333333333
"0.843835616",0.609840627763042,0.550306207233627,0.626733037825059,0.552887184115523,0.551249820402299,0.522247395833333,TRUE,4.375
"0.846575342",0.543387820512821,0.463998594819159,0.56553945035461,0.525715252707581,0.485043013649425,0.486097222222222,FALSE,6.29166666666667
"0.849315068",0.543524756852343,0.458302236070381,0.555666755319149,0.525584311070999,0.481789152298851,0.494161148313492,FALSE,6.9375
"0.852054795",0.538197999557913,0.457223545943304,0.56189048463357,0.517554452466907,0.485606052442529,0.495636222718254,FALSE,3.5625
"0.854794521",0.53358391357206,0.452442265395894,0.557842760047281,0.517866049939831,0.477304058908046,0.484577380952381,FALSE,9.54166666666667
"0.857534247",0.518585875331565,0.457352517106549,0.543122901891253,0.50888786101083,0.473545617816092,0.489514508928571,FALSE,7.95833333333333
"0.860273973",0.588836814765694,0.531817143206256,0.59652396572104,0.545319118531889,0.521321479885057,0.513311631944444,TRUE,5.45833333333333
"0.863013699",0.593294457338639,0.531103555718475,0.620844001182033,0.535175391095066,0.528174299568966,0.522473462301587,TRUE,2.47916666666667
"0.865753425",0.549496435676393,0.477214809384164,0.579080023640662,0.528077090854392,0.50971713362069,0.509291232638889,FALSE,3.79166666666667
"0.868493151",0.556317528735632,0.469346713098729,0.576364864066194,0.528802647412756,0.512815373563218,0.512397197420635,FALSE,7.25
"0.871232877",0.539791887709991,0.454979533235582,0.55514243498818,0.521336868231047,0.48489376795977,0.497759734623016,FALSE,9.33333333333333
"0.873972603",0.530096126215738,0.456830217497556,0.554751418439716,0.511874473525872,0.463478717672414,0.480436879960318,FALSE,8.6875
"0.876712329",0.523780725022104,0.450701612903226,0.55431628250591,0.504673059566787,0.483469827586207,0.493138950892857,FALSE,5.6875
"0.879452055",0.581383206233422,0.521886180351906,0.614639834515366,0.521279783393502,0.533007543103448,0.521877666170635,TRUE,7.35416666666667
"0.882191781",0.592431946286472,0.544310667155425,0.611873522458629,0.557384100481348,0.537880208333333,0.524875124007937,TRUE,4.95833333333333
"0.884931507",0.562245275198939,0.481957233626588,0.579117582742317,0.543071374849579,0.508738146551724,0.514398685515873,FALSE,4.11458333333333
"0.887671233",0.54587132515473,0.471562377810362,0.565822458628841,0.534277075812274,0.496994612068966,0.520894903273809,FALSE,4.58333333333333
"0.890410959",0.558163185234306,0.472129398826979,0.578499172576832,0.536525571600481,0.497297413793103,0.52036966765873,FALSE,2
"0.893150685",0.551791915340407,0.46122965542522,0.574384692671395,0.53216155234657,0.494398257902299,0.515567770337302,FALSE,1.14583333333333
"0.895890411",0.547995247568524,0.487854777614858,0.571305171394799,0.520055505415162,0.511788972701149,0.514200706845238,FALSE,1.39583333333333
"0.898630137",0.611211704244032,0.565679802052786,0.629700768321513,0.559150646811071,0.573071120689655,0.568440104166667,TRUE,-0.25
"0.901369863",0.660906526304156,0.606988758553275,0.656482033096927,0.605259175691937,0.59447808908046,0.574202318948413,TRUE,-4.70833333333333
"0.904109589",0.628801364942528,0.530928702346041,0.637054964539007,0.597173661251504,0.571402029454023,0.580603608630952,FALSE,-2.69791666666667
"0.906849315",0.634612345269673,0.535649315738025,0.655671187943262,0.621222247292419,0.598135057471264,0.601024243551587,FALSE,1.20833333333333
"0.909589041",0.629216926392573,0.556749755620723,0.651791075650118,0.632557987364621,0.601181124281609,0.606843129960317,FALSE,-0.34375
"0.912328767",0.641413572060124,0.557969574780058,0.659680289598109,0.63337492478941,0.581297862787356,0.617322296626984,FALSE,-1.04166666666667
"0.915068493",0.64727409372237,0.580376832844575,0.672301182033097,0.625940809265945,0.596171605603448,0.612457899305555,FALSE,-1.33333333333333
"0.917808219",0.653870772546419,0.610390334799609,0.686842671394799,0.615541591456077,0.625766971982759,0.596988963293651,TRUE,0.395833333333333
"0.920547945",0.672583001768346,0.614812194525904,0.696325265957447,0.650097999398315,0.622091505028736,0.616933407738096,TRUE,-2.33333333333333
"0.923287671",0.640692998452697,0.548168194037146,0.652722192671395,0.625624022262335,0.600697647270115,0.610853484623016,FALSE,-2.53125
"0.926027397",0.645775475243148,0.545926380742913,0.669102452718676,0.624351835138387,0.583289960488506,0.61460546875,FALSE,-0.0208333333333333
"0.928767123",0.639266550618921,0.54557196969697,0.667955023640662,0.639607325511432,0.591841594827586,0.60296875,FALSE,-3.89583333333333
"0.931506849",0.614184902740937,0.521898704789834,0.651548877068558,0.61442245788207,0.57449694683908,0.605687127976191,FALSE,0.354166666666667
"0.934246575",0.581974801061008,0.49692008797654,0.623710372340426,0.577085439229844,0.553840337643678,0.554147817460317,FALSE,4.10416666666667
"0.936986301",0.62292910035367,0.562252688172043,0.660094739952719,0.576042418772563,0.597292025862069,0.561805493551587,TRUE,3.60416666666667
"0.939726027",0.657939820954907,0.596807978983382,0.679730023640662,0.608547758724428,0.596716864224138,0.576648685515873,TRUE,1.85416666666667
"0.942465753",0.618359305923961,0.532056390518084,0.644902157210401,0.581478113718412,0.565751885775862,0.569113963293651,FALSE,4.66666666666667
"0.945205479",0.608191119584439,0.532107710166178,0.63503658392435,0.570360559566787,0.547137661637931,0.567699776785714,FALSE,2.3125
"0.947945205",0.599661030061892,0.525725134408602,0.648524379432624,0.592319494584838,0.545343390804598,0.568955171130952,FALSE,3.58333333333333
"0.950684932",0.597042523209549,0.510763685239492,0.62598463356974,0.585337770758123,0.54976095545977,0.561887214781746,FALSE,3.29166666666667
"0.953424658",0.623504890583555,0.52942589198436,0.663436643026005,0.609209987966305,0.576525323275862,0.596917844742063,FALSE,-1.25
"0.956164384",0.688872844827586,0.631000061094819,0.730362145390071,0.641918471720818,0.641423221982759,0.626736235119048,TRUE,-3.08333333333333
"0.958904110",0.710630636604774,0.659717619745846,0.729449527186761,0.696798736462094,0.679704831178161,0.65129011656746,TRUE,-2.40625
"0.961643836",0.683017020335986,0.588668438416422,0.729736613475177,0.649506768953069,0.663469917385058,0.669440290178571,FALSE,-4.0625
"0.964383562",0.726067003757737,0.636111314760508,0.768123315602837,0.691111612515042,0.704364583333334,0.70001419890873,FALSE,-4.53125
"0.967123288",0.727392628205128,0.65050940860215,0.792321158392435,0.684864771359807,0.710287266522988,0.699384052579365,FALSE,-4.59375
"0.969863014",0.760197253536693,0.669238819648094,0.80534689716312,0.720551970517449,0.735232579022989,0.76472228422619,FALSE,-2.52083333333333
"0.980821918",0.702505332670203,0.610443914956012,0.749717494089835,0.635690884476534,0.667627963362069,0.656673239087301,FALSE,6.72916666666667
"0.983561644",0.654689323607427,0.567262096774193,0.705844296690307,0.617957280385078,0.628315912356322,0.585661458333333,FALSE,7.52083333333333
"0.986301370",0.671401345601238,0.574509897360704,0.702429240543735,0.616668847773767,0.648402882543103,0.61773384796627,FALSE,5.4375
"0.989041096",0.620148983200707,0.526339870478983,0.662024320330969,0.590152903128761,0.586230244252874,0.560847470238095,FALSE,7.83333333333333
"0.991780822",0.644507562503527,0.564175391526798,0.695627131432021,0.585889008372379,0.588530906089508,0.59972422745694,FALSE,6.70212765957447
